{
  "project_info": {
    "project_number": "486361651911",
    "project_id": "online-a858a",
    "storage_bucket": "online-a858a.appspot.com"
  },
  "client": [
    {
      "client_info": {
        "mobilesdk_app_id": "1:486361651911:android:0d5ca82728373266093ce2",
        "android_client_info": {
          "package_name": "com.example.online"
        }
      },
      "oauth_client": [
        {
          "client_id": "486361651911-ufrj3q98il5eqikg9s1ikitcpq5a2v5i.apps.googleusercontent.com",
          "client_type": 3
        }
      ],
      "api_key": [
        {
          "current_key": "AIzaSyBnaT4NCQqmajiTEgxafGlFs3eEyPofp3s"
        }
      ],
      "services": {
        "appinvite_service": {
          "other_platform_oauth_client": [
            {
              "client_id": "486361651911-ufrj3q98il5eqikg9s1ikitcpq5a2v5i.apps.googleusercontent.com",
              "client_type": 3
            }
          ]
        }
      }
    }
  ],
  "configuration_version": "1"
}